{
    "__comment": "end portals",
"criteria": {
        "ovr2end": {
            "trigger": "minecraft:changed_dimension",
        "conditions": {
                "from": "overworld",
            "to": "the_end"
        }
    },
    "end2ovr": {
            "trigger": "minecraft:changed_dimension",
        "conditions": {
                "from": "the_end",
            "to": "overworld"
        }
    }
},
"requirements": [
        [
            "ovr2end",
        "end2ovr"
    ]
],
"rewards": {
        "function": "raijin:exp/endportal"
}
}