{
    "__comment": "nether portals",
"criteria": {
        "ovr2net": {
            "trigger": "minecraft:changed_dimension",
        "conditions": {
                "from": "overworld",
            "to": "the_nether"
        }
    },
    "net2ovr": {
            "trigger": "minecraft:changed_dimension",
        "conditions": {
                "from": "the_nether",
            "to": "overworld"
        }
    }
},
"requirements": [
        [
            "ovr2net",
        "net2ovr"
    ]
],
"rewards": {
        "function": "raijin:exp/netportal"
}
}