{
    "display": {
        "title": "Raijin Abilities                            ",
        "description": ["",
            
            {"text":"Raijin to teleport to your trident.","color":"gold"},{"text":"\n"},
            {"text":"Level 1 to summon your trident.","color":"yellow"},{"text":"\n"},
            {"text":"Sneak and Level 1 to summon items.","color":"green"}
            
        ],
        "icon": {
            "item": "minecraft:heart_of_the_sea"
        },
        "announce_to_chat": false,
        "show_toast": false
    },
    "parent": "inhauspacks:raijin/raijin",
    "criteria": {
        "trigger": {
            "trigger": "minecraft:tick"
        }
    }
}
