{
    "display": {
        "title": "Infamous",
        "description": ["",{"text":"InHaus Dev","color":"dark_aqua"}],
        "icon": {
            "item": "minecraft:player_head",
            "nbt": "{SkullOwner:{Id:[I;0,1,0,1],Properties:{textures:[{Value:'eyJ0ZXh0dXJlcyI6eyJTS0lOIjp7InVybCI6Imh0dHA6Ly90ZXh0dXJlcy5taW5lY3JhZnQubmV0L3RleHR1cmUvODlmYmM3NjBiOGQyOTNjNjgwM2NiODdkZWNhZjE3YjNjMWY0ZWQxNzg3ZDE0MzU0YzExYjU3YzM1ZTM2YzA5YiJ9fX0='}]}}}"
        },
        "announce_to_chat": false,
        "show_toast": false
    },
    "parent": "inhauspacks:root",
    "criteria": {
        "trigger": {
            "trigger": "minecraft:tick"
        }
    }
}